{"cameraMode":{"drawMode":0,"name":"Shaded","section":"Shading Mode"},"sceneLighting":false,"audioPlay":false,"sceneViewState":{"m_AlwaysRefresh":false,"showFog":true,"showSkybox":false,"showFlares":true,"showImageEffects":true,"showParticleSystems":true,"showVisualEffectGraphs":true,"m_FxEnabled":false},"in2DMode":false,"pivot":{"x":16.99167823791504,"y":0.5483832955360413,"z":-21.98657989501953},"rotation":{"x":-0.2771286964416504,"y":-0.005193048622459173,"z":0.0014919923851266504,"w":-0.9608127474784851},"size":5.166169166564941,"orthographic":false}