{"cameraMode":{"drawMode":0,"name":"Shaded","section":"Shading Mode"},"sceneLighting":false,"audioPlay":false,"sceneViewState":{"m_AlwaysRefresh":false,"showFog":true,"showSkybox":false,"showFlares":true,"showImageEffects":true,"showParticleSystems":true,"showVisualEffectGraphs":true,"m_FxEnabled":false},"in2DMode":false,"pivot":{"x":19.09000015258789,"y":-1.6100001335144044,"z":-22.290000915527345},"rotation":{"x":-0.07521221041679383,"y":0.026020202785730363,"z":-0.001964451977983117,"w":-0.9968178272247315},"size":2.7386128902435304,"orthographic":false}